content_id,content_name
c002,"pet care (2)"
c004,"meow meow pet (1)"
c005,"meow meow pet (2)"
c006,"cat feeding"
c010,"Tasmeow petpet (3)"
c017,"Thailand investment (2)"
c021,"Thailand investment (4)"
c022,"Thailand investment (4)"
c023,"Investment forecast (1)"
c027,"Investment for beginner (2)"
c028,"Investment for beginner (3)"
c031,"daisy garden"
c033,"home and garden (2)"
c035,"home and garden (4)"
c036,"home and garden (5)"
c038,"home and garden northeast (2)"
c040,"potato garden"
c042,"coconut garden"
c043,"how to plant coconut garden"
c044,"coconut gardening"
c045,"banana in coconut garden"
c046,"papaya in coconut garden"
c047,"chilly in coconut garden"
c048,"coconut garden (2)"
c049,"coconut garden (3)"
c053,"muffin bakery (2)"
c054,"cupcake bakery (1)"
c056,"bakery funny cupcake (2)"
c060,"yummy cupcake (2)"
c061,"yummy cupcake (3)"
c064,"feeding pet"
c065,"pet feeding"
c069,"cute pet"
c070,"coco coconul"
c071,"coco coconul"
c072,"coco coconul"
c073,"garden garden"
c074,"kitty pet pet"
c075,"Local Investment"
